transaction_id,amount,transaction_date,account_id,merchant_id,fraud,normalized_amount
1,1873.326054117965,2024-01-01,146,530,1,-0.3961028254016072
2,4753.620817743171,2024-01-02,111,546,1,1.5761686558001897
3,3660.237715115214,2024-01-03,161,554,1,0.8274785083283037
4,2993.693762500986,2024-01-04,179,579,0,0.3710649338183216
5,780.9371835717402,2024-01-05,187,561,0,-1.1441121760310105
6,780.816607160677,2024-01-06,182,529,1,-1.144194740294866
7,291.3599772288291,2024-01-07,107,554,1,-1.4793484074441006
8,4331.0145527289005,2024-01-08,194,515,1,1.2867905356192542
9,3005.973943704301,2024-01-09,120,511,1,0.37947374373498605
10,3540.654816402432,2024-01-10,180,516,1,0.745594548481841
11,103.90188698471644,2024-01-11,186,515,0,-1.6077096605971217
12,4849.57935095781,2024-01-12,179,511,0,1.6418759163303536
13,4162.380761361308,2024-01-13,169,507,0,1.1713191534254996
14,1062.4832142807024,2024-01-14,171,583,0,-0.9513245440061698
15,909.943011068296,2024-01-15,124,502,1,-1.055775899586839
16,917.8391447573156,2024-01-16,181,515,0,-1.050369050439563
17,1521.906972554729,2024-01-17,188,529,1,-0.6367357777196382
18,2624.257401729557,2024-01-18,111,522,1,0.11809471435668616
19,2160.293148191937,2024-01-19,114,591,1,-0.1996031397329446
20,1456.8544718500116,2024-01-20,158,504,0,-0.681280243633707
21,3059.652620717175,2024-01-21,125,583,1,0.41623002477890436
22,698.3298093995571,2024-01-22,125,564,0,-1.200677278420636
23,1461.4310980275557,2024-01-23,146,529,0,-0.6781464153172152
24,1832.4428546251647,2024-01-24,131,520,1,-0.4240974492290822
25,2280.893851100963,2024-01-25,109,583,1,-0.11702224212335761
26,3926.094631003675,2024-01-26,115,569,1,1.0095230754014068
27,999.1692370096404,2024-01-27,170,521,0,-0.9946785622511661
28,2571.6579576296444,2024-01-28,116,581,1,0.08207743416875307
29,2962.4804297413502,2024-01-29,122,571,0,0.34969171646135605
30,233.20561318726865,2024-01-30,125,531,1,-1.51916939908533
31,3038.1167146552903,2024-01-31,184,532,1,0.4014833905510114
32,853.4500943127704,2024-02-01,185,515,0,-1.094459221173896
33,326.1929133334123,2024-02-02,106,575,0,-1.4554966797135933
34,4744.478800729413,2024-02-03,113,537,0,1.5699086925267771
35,4828.1945333397225,2024-02-04,178,597,0,1.6272327393710027
36,4042.178343234189,2024-02-05,106,513,0,1.0890109798880014
37,1523.76423209768,2024-02-06,108,535,0,-0.6354640259267273
38,489.262897917913,2024-02-07,147,596,1,-1.3438350942058548
39,3421.4808995342723,2024-02-08,171,522,1,0.6639906374826924
40,2201.322316204267,2024-02-09,158,565,0,-0.17150856448665733
41,611.0691359890493,2024-02-10,186,584,1,-1.2604287107293897
42,2476.38937364624,2024-02-11,192,501,0,0.016842613893463934
43,172.90821705497677,2024-02-12,181,590,1,-1.5604578242438607
44,4546.692689991832,2024-02-13,194,572,1,1.434475364482748
45,1294.6411280184846,2024-02-14,193,564,0,-0.7923552474665204
46,3312.948899485556,2024-02-15,138,574,0,0.589673740754921
47,1559.243669370965,2024-02-16,198,566,0,-0.6111696088459158
48,2600.820037867876,2024-02-17,117,551,1,0.10204606373845468
49,2734.004686437055,2024-02-18,158,561,0,0.19324377288412037
50,925.0874231721097,2024-02-19,116,522,1,-1.0454058178614793
51,4847.953554195028,2024-02-20,113,525,0,1.640762657843771
52,3875.888983982212,2024-02-21,130,567,1,0.9751449391543068
53,4697.555208879381,2024-02-22,123,581,1,1.537777931755303
54,4474.241924787816,2024-02-23,198,554,0,1.384864963558615
55,2989.9019940766148,2024-02-24,159,505,1,0.36846853402578916
56,4609.449300880561,2024-02-25,144,534,1,1.4774477281018574
57,443.3740177575456,2024-02-26,197,521,0,-1.375257339868888
58,980.7183292333068,2024-02-27,102,542,1,-1.0073127549973786
59,227.09121726377975,2024-02-28,136,514,0,-1.5233562097051905
60,1627.3263234855583,2024-02-29,142,585,0,-0.5645502562815505
61,1943.9977711577203,2024-03-01,139,559,0,-0.34771062131009234
62,1357.4738098377056,2024-03-02,189,511,0,-0.7493307945513251
63,4143.858808250495,2024-03-03,154,548,1,1.1586363126419972
64,1784.4098801412529,2024-03-04,186,541,1,-0.45698785576951506
65,1405.3916139272164,2024-03-05,138,537,1,-0.7165192505242797
66,2713.937719708084,2024-03-06,114,581,0,0.17950298958180233
67,705.4802006488385,2024-03-07,103,544,1,-1.1957810737271128
68,4011.182706789444,2024-03-08,192,534,1,1.0677868292997723
69,373.67866775517433,2024-03-09,185,529,0,-1.4229809801427906
70,4934.447796065986,2024-03-10,124,587,0,1.6999892789120787
71,3861.4516017139904,2024-03-11,112,529,1,0.9652589935662299
72,994.379691989328,2024-03-12,181,577,0,-0.9979581859795392
73,28.60506350088839,2024-03-13,132,505,0,-1.659268889693288
74,4077.491680845716,2024-03-14,115,566,0,1.113191660822756
75,3534.579861894238,2024-03-15,141,579,0,0.7414347452292638
76,3645.306833036896,2024-03-16,165,506,1,0.8172546405199999
77,3856.5804630830426,2024-03-17,154,551,0,0.9619234989064032
78,371.1492140187177,2024-03-18,198,513,0,-1.4247130144923421
79,1792.9701769928188,2024-03-19,141,572,0,-0.45112622328516633
80,580.2294285661235,2024-03-20,133,514,0,-1.2815460894806843
81,4315.654025952092,2024-03-21,129,520,0,1.2762724701487582
82,3116.867336010962,2024-03-22,112,534,0,0.4554075953192852
83,1655.159226238393,2024-03-23,112,565,0,-0.545491776214952
84,318.7281930798321,2024-03-24,117,590,0,-1.4606081200624121
85,1555.6006262565954,2024-03-25,131,501,1,-0.6136641695172744
86,1626.5914268117083,2024-03-26,195,534,0,-0.565053474136115
87,3648.3012855119823,2024-03-27,198,581,1,0.8193050810835878
88,3188.1497993047105,2024-03-28,138,577,0,0.5042180057118405
89,4436.176500139057,2024-03-29,145,519,0,1.3587998009222422
90,2361.6024108845845,2024-03-30,128,581,0,-0.061757346057733864
91,598.8516354455702,2024-03-31,161,509,0,-1.2687946002896453
92,3566.510691327752,2024-04-01,192,524,1,0.7632992658533873
93,3804.16445803587,2024-04-02,161,565,0,0.9260318279501456
94,2806.824710649912,2024-04-03,156,524,0,0.24310702258661868
95,3855.06493259285,2024-04-04,115,553,1,0.9608857448534337
96,2469.4841862255894,2024-04-05,155,532,1,0.012114311639787064
97,2614.141414080588,2024-04-06,109,535,0,0.11116782819343139
98,2138.277550774389,2024-04-07,129,594,1,-0.21467824089154927
99,128.07021459373186,2024-04-08,124,513,1,-1.5911604851816137
100,540.349243539529,2024-04-09,183,564,1,-1.3088539027594914
101,158.11449924798453,2024-04-10,104,579,0,-1.570587769310648
102,3182.415645907638,2024-04-11,164,553,0,0.5002915647945059
103,1572.465549400557,2024-04-12,193,551,0,-0.6021159740445199
104,2543.344885132349,2024-04-13,148,502,1,0.06269015959643413
105,4537.924803156539,2024-04-14,102,598,0,1.4284715855035832
106,1247.2118535152258,2024-04-15,144,540,1,-0.8248322726162426
107,2052.504232255113,2024-04-16,113,505,0,-0.2734112122873959
108,3778.0001415767,2024-04-17,129,524,0,0.9081159063475208
109,1144.7620292926206,2024-04-18,167,512,1,-0.8949844213199625
110,385.82256923413615,2024-04-19,117,597,0,-1.4146654872772844
111,1449.4675131159263,2024-04-20,161,507,1,-0.6863384370616997
112,806.9452149827681,2024-04-21,136,520,1,-1.1263032700530646
113,4648.558564060523,2024-04-22,124,597,0,1.5042276554185923
114,4040.79377744252,2024-04-23,147,567,1,1.0880629034413674
115,3167.385378795607,2024-04-24,164,524,0,0.4899996434417781
116,4357.431490348401,2024-04-25,152,578,0,1.3048794386529325
117,4018.556712418673,2024-04-26,178,567,1,1.0728361531357968
118,933.6637243712933,2024-04-27,172,544,0,-1.0395332264576547
119,4462.902433451399,2024-04-28,114,559,1,1.3771002876453753
120,2697.171867336338,2024-04-29,148,511,0,0.16802263246404145
121,4037.3933356651487,2024-04-30,187,531,0,1.085734463163069
122,4480.560408317543,2024-05-01,167,595,0,1.3891915224329014
123,1590.6993713843476,2024-05-02,111,591,0,-0.5896304300140617
124,551.1495707138561,2024-05-03,158,512,0,-1.301458417567287
125,1140.4478775471664,2024-05-04,136,530,1,-0.8979385212129981
126,2136.1118353426555,2024-05-05,160,577,1,-0.21616120674502695
127,4090.255814846543,2024-05-06,142,519,1,1.1219318556771134
128,4303.792185698461,2024-05-07,169,517,1,1.2681501176929417
129,35.753700525422325,2024-05-08,138,592,1,-1.6543738861988517
130,2554.225765585251,2024-05-09,155,559,1,0.07014080335645471
131,2087.637604740746,2024-05-10,162,562,0,-0.2493537618254019
132,1111.3169445431806,2024-05-11,145,505,0,-0.9178858228260623
133,600.2069713010803,2024-05-12,187,531,1,-1.2678665389366786
134,1688.7382418467362,2024-05-13,110,592,1,-0.5224986660348641
135,4714.605609858683,2024-05-14,161,542,0,1.549453132508787
136,1616.6914571717557,2024-05-15,176,501,0,-0.5718324427445455
137,2594.4343180950877,2024-05-16,197,559,0,0.09767346508852849
138,3515.391775516994,2024-05-17,124,522,1,0.7282957720871387
139,1818.7843822940904,2024-05-18,170,582,1,-0.4334500390388337
140,4858.938631522083,2024-05-19,151,530,1,1.6482846500386523
141,4812.274027415614,2024-05-20,103,504,0,1.616331230193205
142,1259.6596968309957,2024-05-21,158,582,0,-0.8163086566710254
143,2486.745280956035,2024-05-22,171,533,1,0.023933784181664166
144,1505.0906707740317,2024-05-23,119,509,1,-0.6482506798887511
145,1424.9176313929606,2024-05-24,192,588,0,-0.7031488802845806
146,185.39784982530944,2024-05-25,162,501,0,-1.551905593119916
147,3048.2121055655043,2024-05-26,153,510,0,0.4083961731714745
148,2513.8924371210787,2024-05-27,173,549,0,0.042522701738372366
149,258.3422774986968,2024-05-28,197,530,1,-1.5019571585952025
150,1393.9536747188206,2024-05-29,156,555,0,-0.7243513382638157
151,4541.4211639473015,2024-05-30,189,578,0,1.4308657059813543
152,1198.569891444195,2024-05-31,140,572,0,-0.8581396812168982
153,725.3294655840242,2024-06-01,102,586,1,-1.1821893609451846
154,2447.7743486275376,2024-06-02,105,582,1,-0.002751421581999122
155,4928.266620098893,2024-06-03,104,508,0,1.695756740897517
156,1211.0343022859906,2024-06-04,104,598,0,-0.8496047207178155
157,3361.005601481987,2024-06-05,153,520,0,0.6225803946242218
158,3808.3364570282592,2024-06-06,146,572,1,0.9288885892567333
159,1188.950082418006,2024-06-07,186,527,1,-0.8647268108525749
160,3641.353526710686,2024-06-08,148,561,1,0.81454762823011
161,1839.5478804635468,2024-06-09,108,506,0,-0.41923230833752784
162,3161.896847137304,2024-06-10,198,579,1,0.4862413911267549
163,3168.015024093713,2024-06-11,119,515,0,0.49043079079530943
164,2679.3376456897176,2024-06-12,160,596,0,0.15581071332740756
165,452.3585605019871,2024-06-13,134,503,0,-1.3691052065350768
166,4176.677175450601,2024-06-14,149,503,1,1.1811085715600085
167,1604.579544793707,2024-06-15,181,539,0,-0.5801260311882416
168,933.4060334888712,2024-06-16,161,516,1,-1.0397096793626783
169,204.8349326322648,2024-06-17,116,551,1,-1.5385961205679934
170,2954.873822998021,2024-06-18,187,592,0,0.34448311984893726
171,3388.14424484957,2024-06-19,102,551,0,0.6411634830734827
172,83.9225568103529,2024-06-20,131,535,1,-1.6213904350838328
173,2560.9531984381056,2024-06-21,198,537,0,0.07474738880907884
174,1133.2523802144915,2024-06-22,112,549,1,-0.9028656121349136
175,3226.21877925684,2024-06-23,188,562,0,0.5302856028294105
176,872.6577785959522,2024-06-24,172,562,1,-1.0813068284361587
177,3454.997752774227,2024-06-25,167,561,1,0.6869411822045765
178,1934.2899961563865,2024-06-26,113,598,1,-0.354357985330904
179,4683.713213694936,2024-06-27,197,506,1,1.5282996753316955
180,688.4671997858203,2024-06-28,110,526,0,-1.2074306648854705
181,1705.9906889002425,2024-06-29,155,591,0,-0.5106851149586721
182,568.2541326817047,2024-06-30,166,585,1,-1.289746130271671
183,4623.543397774535,2024-07-01,191,513,1,1.4870986102644501
184,4386.819427551524,2024-07-02,128,570,0,1.325002722967111
185,1290.450196948063,2024-07-03,108,585,0,-0.7952249724454569
186,3300.260246124861,2024-07-04,166,504,0,0.5809852309974487
187,4086.293778805878,2024-07-05,124,554,0,1.1192188657466444
188,2776.4488571857123,2024-07-06,197,501,0,0.22230726616543817
189,2648.7232412016765,2024-07-07,175,561,0,0.13484760995053502
190,1210.019602211358,2024-07-08,141,590,1,-0.8502995329448295
191,466.4207362616901,2024-07-09,108,520,0,-1.3594761822543806
192,4486.18157400868,2024-07-10,178,578,0,1.3930405954249263
193,4502.189867759489,2024-07-11,139,520,1,1.4040022170013522
194,3165.8741849090666,2024-07-12,124,509,0,0.4889648588625642
195,1695.8099254524548,2024-07-13,104,586,0,-0.5176563561172198
196,1746.698663488692,2024-07-14,110,557,0,-0.48281047575430286
197,3630.052438672327,2024-07-15,158,538,0,0.8068092488371089
198,4485.654189502933,2024-07-16,197,504,0,1.3926794707812098
199,4435.545034901322,2024-07-17,187,564,1,1.3583674073715948
200,3899.5978537422616,2024-07-18,178,512,0,0.9913795024600499
201,3210.5161991252844,2024-07-19,137,584,1,0.5195333175543526
202,421.61568501024914,2024-07-20,171,589,1,-1.3901562799697202
203,808.9819417589742,2024-07-21,104,584,0,-1.1249086287175871
204,4492.872388446869,2024-07-22,147,552,1,1.397622106549796
205,3032.53886923829,2024-07-23,189,581,0,0.39766398096091243
206,46.97606103153161,2024-07-24,117,544,1,-1.6466894152004365
207,508.25624278729447,2024-07-25,169,531,1,-1.3308294696109042
208,3317.845343771171,2024-07-26,136,535,0,0.5930265633707761
209,26.30285764724721,2024-07-27,159,580,0,-1.6608453168723165
210,804.8794490360758,2024-07-28,147,598,0,-1.1277177958561013
211,2744.120213043564,2024-07-29,176,559,0,0.20017034335020878
212,3459.7840932657737,2024-07-30,127,510,0,0.6902186116434014
213,3260.1543362535,2024-07-31,168,562,1,0.5535228534429449
214,1122.1222779933385,2024-08-01,176,520,1,-0.9104869096044865
215,3561.183927516332,2024-08-02,180,551,1,0.7596517834897634
216,1187.0081883965036,2024-08-03,139,554,1,-0.8660565158003093
217,1627.6730910981794,2024-08-04,144,525,1,-0.564312808405863
218,3732.710534185003,2024-08-05,195,567,1,0.8771040105577143
219,3248.514862337026,2024-08-06,161,533,1,0.5455527655368168
220,4246.267829060395,2024-08-07,192,551,0,1.2287605213556059
221,3288.406848609417,2024-08-08,157,581,0,0.5728686596762432
222,2841.9747080740226,2024-08-09,166,598,1,0.26717585691544804
223,469.2801643726343,2024-08-10,155,592,1,-1.357518199138561
224,1839.211299494108,2024-08-11,139,551,0,-0.4194627809459298
225,1326.7466360409455,2024-08-12,197,528,0,-0.770371116306799
226,1220.704227252039,2024-08-13,139,537,0,-0.8429832743725483
227,4865.079763207476,2024-08-14,190,541,0,1.652489767875329
228,1966.0955256091352,2024-08-15,176,520,1,-0.33257926341800237
229,4460.340729330389,2024-08-16,132,541,0,1.3753461699609806
230,3156.0619913603173,2024-08-17,105,512,1,0.48224599461692247
231,3974.261706404701,2024-08-18,187,563,1,1.0425053070625763
232,2513.682828432856,2024-08-19,118,516,1,0.042379172942911894
233,2884.942519247169,2024-08-20,179,508,0,0.2965979110943056
234,2463.095951400501,2024-08-21,139,540,0,0.00773999081684303
235,977.0196960024244,2024-08-22,191,500,1,-1.0098453808011045
236,3612.538124192265,2024-08-23,196,501,1,0.7948163849823175
237,1404.5810398418382,2024-08-24,158,559,1,-0.7170742882142349
238,122.55551619083774,2024-08-25,158,547,0,-1.594936655080894
239,3227.716007239932,2024-08-26,147,528,1,0.5313108243064626
240,886.3762863558377,2024-08-27,140,596,0,-1.0719131295824296
241,4702.352463180218,2024-08-28,112,509,1,1.5410628343857915
242,4769.688956435934,2024-08-29,144,557,1,1.5871712559854034
243,4574.407086712022,2024-08-30,188,559,1,1.4534526979696676
244,1851.4233425769664,2024-08-31,152,520,0,-0.4111006283622079
245,78.26762602780828,2024-09-01,141,527,0,-1.625262628600772
246,4641.664494376039,2024-09-02,199,574,1,1.4995069659947737
247,2141.492557438254,2024-09-03,162,533,0,-0.2124767766403578
248,4833.307440399304,2024-09-04,126,507,1,1.6307337840928826
249,4818.136265469175,2024-09-05,137,558,0,1.6203453766184484
250,4265.194267881333,2024-09-06,159,585,0,1.241720332274494
251,1472.9500114558589,2024-09-07,106,571,0,-0.6702588807717991
252,1926.1035452810245,2024-09-08,104,548,1,-0.35996362812748167
253,4255.832220912767,2024-09-09,144,578,0,1.235309704280804
254,1585.293103776232,2024-09-10,157,516,0,-0.5933323523165592
255,848.2942406837764,2024-09-11,130,559,1,-1.0979896734047354
256,2784.4495110292924,2024-09-12,122,586,1,0.22778568511267122
257,4680.837716029744,2024-09-13,141,587,1,1.5263306886463945
258,3480.45295357819,2024-09-14,109,544,1,0.7043715394124381
259,2850.7357892767354,2024-09-15,131,582,0,0.2731749757621787
260,486.7852923600719,2024-09-16,152,568,0,-1.3455316257015573
261,3075.4211262691497,2024-09-17,129,531,0,0.4270274522485113
262,4950.279196671212,2024-09-18,138,543,0,1.7108297735432147
263,701.2799921673836,2024-09-19,130,564,0,-1.1986571513798905
264,2592.12993216632,2024-09-20,181,586,1,0.0960955451108971
265,4386.9879865678495,2024-09-21,199,507,0,1.3251181431473633
266,3704.102320153268,2024-09-22,101,576,0,0.8575146388810834
267,3485.3816892353448,2024-09-23,177,571,0,0.7077464734288282
268,3512.717935851559,2024-09-24,176,586,1,0.7264648699919635
269,1798.0962649475562,2024-09-25,192,542,1,-0.44761615299273005
270,1468.6656294782024,2024-09-26,111,500,0,-0.6731925959233941
271,4046.9964162370898,2024-09-27,138,550,1,1.0923101380498588
272,4050.7568600012246,2024-09-28,165,523,1,1.094885088393945
273,4335.494520581939,2024-09-29,195,598,1,1.2898581774956457
274,4566.2895222298,2024-09-30,112,523,1,1.4478942248830617
275,2557.200651905828,2024-10-01,145,516,1,0.07217784606610685
276,2508.079957141311,2024-10-02,126,504,1,0.038542626975217216
277,3991.677599654909,2024-10-03,116,519,1,1.0544307773341703
278,3250.169689958048,2024-10-04,194,520,0,0.5466859027991776
279,3510.132419411259,2024-10-05,197,557,0,0.7246944469075691
280,3979.167554511069,2024-10-06,159,530,1,1.0458645689108739
281,4450.136703746014,2024-10-07,163,599,0,1.3683590001380608
282,1690.6377891008274,2024-10-08,187,510,0,-0.5211979578838261
283,1878.53918024708,2024-10-09,134,551,1,-0.39253315603227484
284,470.81571726450414,2024-10-10,169,514,0,-1.3564667348180481
285,2891.8224248398737,2024-10-11,182,582,1,0.3013089017072157
286,180.6754267099137,2024-10-12,129,506,1,-1.5551392553652832
287,2328.5244926441683,2024-10-13,170,527,1,-0.08440733161719334
288,2713.6805289031754,2024-10-14,173,550,0,0.17932687910305745
289,1433.4197193892935,2024-10-15,195,557,0,-0.6973271061045205
290,2954.575469584485,2024-10-16,197,504,0,0.34427882342196475
291,153.4707494453081,2024-10-17,162,504,0,-1.5737675602880572
292,187.70359555732287,2024-10-18,127,593,1,-1.5503267420219022
293,4113.180202737632,2024-10-19,159,595,1,1.1376292478442591
294,1801.593016414903,2024-10-20,178,507,0,-0.44522176500057237
295,636.175502746772,2024-10-21,193,563,1,-1.2432372163802048
296,2611.6940570139677,2024-10-22,136,509,1,0.10949200924331182
297,3850.197771939956,2024-10-23,192,537,0,0.9575529740997738
298,1079.8893164567191,2024-10-24,121,595,1,-0.9394057781374174
299,3114.8294886191825,2024-10-25,167,591,0,0.45401218664632376
300,427.65197750384624,2024-10-26,119,580,1,-1.3860229503926007
301,259.3569241218699,2024-10-27,195,594,0,-1.5012623829688831
302,2657.241803209172,2024-10-28,199,507,1,0.14068066465049434
303,2703.6349729289223,2024-10-29,167,524,1,0.17244822077577596
304,3187.512077589535,2024-10-30,190,572,0,0.5037813280607653
305,3630.730577279585,2024-10-31,163,565,0,0.8072736018096892
306,4879.28454523321,2024-11-01,116,578,0,1.6622164412838456
307,2581.9854411576757,2024-11-02,111,549,0,0.08914914137460898
308,1615.4594082332885,2024-11-03,121,566,1,-0.5726760838244346
309,3976.1357876487496,2024-11-04,116,548,1,1.043788577454819
310,1354.8904240591091,2024-11-05,109,535,0,-0.7510997586727802
311,2195.418132107475,2024-11-06,164,567,1,-0.17555143331415604
312,393.2034503299875,2024-11-07,121,577,0,-1.4096114554902157
313,127.7283663338721,2024-11-08,189,540,0,-1.5913945645481888
314,4813.279424974948,2024-11-09,181,588,1,1.6170196725563217
315,4180.064622440517,2024-11-10,149,561,1,1.1834281137043292
316,3480.175056262396,2024-11-11,113,509,0,0.7041812502248298
317,2045.3557691269352,2024-11-12,163,520,0,-0.2783060967069276
318,867.298306034158,2024-11-13,146,535,0,-1.0849767079989732
319,783.0287763127592,2024-11-14,128,511,1,-1.1426799654234376
320,1251.964247924812,2024-11-15,175,590,1,-0.8215780876349621
321,2746.5840968658963,2024-11-16,135,501,1,0.20185747893686803
322,3573.265017577612,2024-11-17,198,512,1,0.7679242664628961
323,3301.3266862119385,2024-11-18,151,552,0,0.5817154720119154
324,1400.3895508327682,2024-11-19,175,531,0,-0.7199443952396543
325,4774.371538035307,2024-11-20,106,594,0,1.5903776368959526
326,3689.746686562147,2024-11-21,128,515,0,0.8476846704056641
327,2772.215908504492,2024-11-22,110,531,0,0.219408769778612
328,3058.992010425527,2024-11-23,132,531,0,0.4157776742574022
329,2098.5807120765216,2024-11-24,105,597,1,-0.2418605084311154
330,1239.407216516286,2024-11-25,178,510,1,-0.830176469734029
331,1780.5074205776566,2024-11-26,131,509,0,-0.45966005092156154
332,3789.472706211381,2024-11-27,150,514,0,0.9159717037231848
333,72.95304966014959,2024-11-28,174,516,1,-1.6289017656561091
334,581.2471298940743,2024-11-29,157,539,1,-1.2808492221562537
335,230.967207466742,2024-11-30,186,517,1,-1.5207021393526483
336,204.6032827925317,2024-12-01,125,554,1,-1.5387547419626855
337,4277.4474594710255,2024-12-02,197,572,0,1.2501106611502912
338,3518.5856390407384,2024-12-03,145,524,0,0.730482758649168
339,2371.3949716075385,2024-12-04,197,558,0,-0.055051925318951374
340,490.0729690943564,2024-12-05,128,577,0,-1.3432804008809842
341,2458.587759709045,2024-12-06,103,588,0,0.00465302276859417
342,2367.885382132048,2024-12-07,180,521,1,-0.05745510409101696
343,866.8361476801659,2024-12-08,198,529,0,-1.0852931692698433
344,2169.824394540627,2024-12-09,112,583,1,-0.19307665307219368
345,1993.1251672524695,2024-12-10,138,584,0,-0.31407081350742594
346,3079.6346401630303,2024-12-11,114,543,0,0.42991264073459834
347,3175.833160687351,2024-12-12,128,531,0,0.49578423171201824
348,227.47474485045052,2024-12-13,128,550,0,-1.5230935905694694
349,1873.6884605177297,2024-12-14,174,545,0,-0.3958546689226636
350,3129.673718655468,2024-12-15,131,520,1,0.464176719780466
351,2516.1781566418585,2024-12-16,101,598,1,0.04408783996026266
352,4282.592716100423,2024-12-17,146,531,1,1.2536338571237662
353,3293.809464463106,2024-12-18,177,593,0,0.5765680814530297
354,815.509200980067,2024-12-19,183,538,0,-1.1204391114394423
355,353.7731682547488,2024-12-20,121,511,1,-1.4366111993410347
356,3212.453971753372,2024-12-21,174,546,0,0.5208602003927676
357,133.53004139756743,2024-12-22,126,517,0,-1.5874218884124576
358,2929.292130786043,2024-12-23,166,520,1,0.32696614810432884
359,4701.210976883363,2024-12-24,180,512,0,1.5402812057490625
360,2877.795415201519,2024-12-25,155,520,1,0.29170395730164733
361,1941.461461106403,2024-12-26,191,507,0,-0.349447350496588
362,3216.797803993324,2024-12-27,192,545,1,0.5238346238976729
363,2291.8061995670914,2024-12-28,120,506,0,-0.10955005075444599
364,2728.5383297903586,2024-12-29,146,522,0,0.1895007048285481
365,4707.382579073849,2024-12-30,179,595,1,1.5445071881545223
366,1931.1270863660704,2024-12-31,158,574,0,-0.3565237764352849
367,4805.991628555747,2025-01-01,183,585,0,1.6120293801668366
368,4526.847859138363,2025-01-02,105,521,1,1.4208866879223294
369,979.7598828116928,2025-01-03,118,588,0,-1.0079690477377887
370,347.7371430749521,2025-01-04,156,521,1,-1.4407443458759903
371,504.7892288857559,2025-01-05,168,591,0,-1.3332034949118177
372,92.09090643209709,2025-01-06,102,528,0,-1.6157971870555738
373,473.12036081888607,2025-01-07,100,512,0,-1.3548886384322039
374,3415.350860308368,2025-01-08,157,581,0,0.65979311516776
375,356.8720536526847,2025-01-09,137,501,1,-1.43448924870909
376,1595.5591758385128,2025-01-10,114,528,0,-0.5863026963910266
377,4224.531679536303,2025-01-11,133,584,1,1.2138767711370873
378,117.33640674339352,2025-01-12,160,578,0,-1.5985104215059351
379,4072.52794446209,2025-01-13,134,551,0,1.1097927601847855
380,1409.9920190922262,2025-01-14,163,526,0,-0.7133691396316353
381,591.7059732806596,2025-01-15,124,549,0,-1.2736875667596526
382,3483.989089655389,2025-01-16,123,594,1,0.7067928958745561
383,3145.08529105264,2025-01-17,111,578,1,0.4747297385559342
384,4387.482595621737,2025-01-18,117,522,1,1.3254568249182872
385,3675.620147975625,2025-01-19,114,587,1,0.838011573910767
386,4017.601170993858,2025-01-20,179,543,0,1.0721818495814974
387,1410.8908282839611,2025-01-21,126,576,1,-0.7127536832699157
388,888.0202793548344,2025-01-22,171,521,1,-1.0707874112885367
389,3753.323143452651,2025-01-23,159,542,0,0.8912184206261374
390,4034.366861597053,2025-01-24,145,536,0,1.0836620959288248
391,4952.535204861366,2025-01-25,188,560,0,1.7123745670383075
392,2063.675766880221,2025-01-26,116,596,0,-0.26576154412821507
393,1860.718410878123,2025-01-27,192,555,1,-0.40473586377015613
394,3882.2883907492414,2025-01-28,152,502,1,0.9795269099243181
395,1704.6768977248362,2025-01-29,107,562,0,-0.5115847287413418
396,4653.85587069222,2025-01-30,178,518,0,1.5078549670843358
397,4292.205346463216,2025-01-31,126,522,0,1.2602160711954988
398,2145.541142847717,2025-02-01,145,528,1,-0.20970452234085582
399,3754.604467889696,2025-02-02,149,529,1,0.892095802926472
400,3772.959827549327,2025-02-03,170,538,0,0.9046645694433849
401,516.5162203108271,2025-02-04,102,524,0,-1.32517347970641
402,4512.861980491154,2025-02-05,192,507,1,1.411309907815032
403,2526.756609866838,2025-02-06,163,557,0,0.05133139776356015
404,4132.4608730726,2025-02-07,143,515,0,1.1508316175184836
405,1600.9279555520282,2025-02-08,152,571,1,-0.5826264437895414
406,4477.720619252506,2025-02-09,123,500,0,1.3872469870831405
407,1946.6191919920811,2025-02-10,159,504,1,-0.3459156128209852
408,55.1774197500115,2025-02-11,102,502,0,-1.6410735643118957
409,4527.004500119899,2025-02-12,119,564,0,1.4209939472711197
410,457.34209725388166,2025-02-13,145,503,1,-1.365692747666141
411,1597.2488743144838,2025-02-14,114,598,1,-0.5851456814361428
412,4750.359773286974,2025-02-15,124,595,0,1.5739356673362614
413,4753.085127540843,2025-02-16,193,563,1,1.5758018438606087
414,2867.616002728307,2025-02-17,177,597,0,0.28473364121808203
415,3159.5542236368265,2025-02-18,170,588,0,0.4846372881094061
416,2242.7791643696205,2025-02-19,116,509,1,-0.14312113679362154
417,1466.7606477186246,2025-02-20,183,520,0,-0.6744970253325203
418,1643.9940623042098,2025-02-21,199,545,0,-0.5531370820664326
419,3362.919761929115,2025-02-22,108,590,1,0.6238911091066393
420,3762.120272658962,2025-02-23,137,526,1,0.8972422232136953
421,3958.1036395855167,2025-02-24,147,565,0,1.031441128916198
422,3948.301095829975,2025-02-25,159,540,1,1.0247288723317522
423,456.9393091404032,2025-02-26,162,512,1,-1.3659685553783283
424,2472.607103208205,2025-02-27,185,508,1,0.014252717812918236
425,288.73624132320475,2025-02-28,101,535,1,-1.4811450011699296
426,2748.094882736354,2025-03-01,187,585,0,0.20289198412853673
427,2208.210976365512,2025-03-02,171,589,0,-0.16679157921442253
428,4438.633209608741,2025-03-03,110,557,0,1.3604820238967261
429,1755.2241477478412,2025-03-04,163,553,1,-0.4769726810674176
430,586.2180151216018,2025-03-05,176,511,1,-1.2774454263731305
431,715.8154185821264,2025-03-06,180,580,1,-1.1887040704150722
432,3807.791647955644,2025-03-07,171,577,1,0.9285155332035164
433,3091.4720985179893,2025-03-08,120,513,1,0.4380182977729824
434,506.5122579378285,2025-03-09,117,533,1,-1.3320236569648125
435,421.44992376887217,2025-03-10,193,552,1,-1.390269784383638
436,3505.144688164141,2025-03-11,163,519,0,0.7212791158731132
437,364.74226881460345,2025-03-12,181,574,0,-1.4291001471800375
438,4109.478436392491,2025-03-13,194,515,1,1.135094476651812
439,3531.5048935553245,2025-03-14,137,594,1,0.7393291717174735
440,407.66255442885694,2025-03-15,131,569,1,-1.399710635956719
441,425.1037327118744,2025-03-16,110,555,0,-1.3877678518498398
442,4933.211252927376,2025-03-17,144,582,0,1.6991425604448043
443,1871.9797079848452,2025-03-18,188,557,1,-0.39702473107449615
444,1853.840093187388,2025-03-19,132,503,1,-0.4094457670729028
445,4064.185036720256,2025-03-20,140,503,0,1.1040799841115452
446,4736.29563834191,2025-03-21,107,519,0,1.5643053015104347
447,4930.019318050531,2025-03-22,110,509,0,1.6969568945168032
448,3767.137548109449,2025-03-23,185,523,0,0.9006777845351605
449,1881.921668069048,2025-03-24,150,598,1,-0.3902170096603723
450,418.42008277664513,2025-03-25,187,525,0,-1.3923444571070729
451,3885.957432721256,2025-03-26,140,536,0,0.9820392732199513
452,2792.4628444292894,2025-03-27,116,584,1,0.23327278634056223
453,2121.6858242256344,2025-03-28,175,553,0,-0.22603936597821264
454,4531.865571088585,2025-03-29,145,520,0,1.4243225481354185
455,556.8762140484506,2025-03-30,131,573,0,-1.2975371191382263
456,2463.632896350005,2025-03-31,178,537,1,0.008107661940040731
457,57.75687019232792,2025-04-01,179,545,0,-1.6393072948978062
458,2343.8345493286374,2025-04-02,153,503,1,-0.07392382536092512
459,282.4600751335049,2025-04-03,185,559,1,-1.4854425833978153
460,594.9707634240915,2025-04-04,191,556,0,-1.2714520134498604
461,588.5137076387473,2025-04-05,119,544,0,-1.2758734591778438
462,3246.402300278202,2025-04-06,132,519,0,0.5441061962642872
463,3730.478351447851,2025-04-07,173,516,0,0.8755755314558827
464,2917.260456720701,2025-04-08,139,570,1,0.3187275025567035
465,4810.900569824235,2025-04-09,131,503,0,1.615390760046772
466,1874.9780270389963,2025-04-10,196,592,0,-0.39497164288479875
467,1429.2747193230218,2025-04-11,101,513,0,-0.7001653799935436
468,4343.127041819112,2025-04-12,196,502,1,1.2950845189645295
469,1118.7555967587436,2025-04-13,132,587,0,-0.912792232472529
470,4816.149474663616,2025-04-14,176,579,0,1.6189849287592908
471,61.76021897439189,2025-04-15,129,557,1,-1.6365660162162343
472,4849.424254711487,2025-04-16,132,554,1,1.6417697147334454
473,216.75639984093,2025-04-17,176,503,0,-1.5304329387691489
474,4455.824425376657,2025-04-18,125,523,0,1.3722536470703117
475,2638.977844322413,2025-04-19,121,533,0,0.12817448448410787
476,4964.831015800382,2025-04-20,165,529,0,1.7207940793602856
477,369.9090271122589,2025-04-21,137,581,0,-1.4255622280165476
478,2769.7175677222026,2025-04-22,189,518,1,0.21769803991253725
479,4846.543375559876,2025-04-23,145,530,1,1.6397970430946716
480,2615.966123006574,2025-04-24,114,559,0,0.11241729106843468
481,3147.363792038177,2025-04-25,197,559,0,0.47628993391177643
482,3479.0476962341013,2025-04-26,143,518,1,0.7034092944996962
483,2273.2507827740983,2025-04-27,148,548,0,-0.12225580567397801
484,3138.162842340233,2025-04-28,174,562,0,0.4699896166948027
485,2921.987245303578,2025-04-29,160,582,0,0.3219641540402294
486,4505.888894444454,2025-04-30,166,521,0,1.4065351122213468
487,228.1864553269479,2025-05-01,105,523,0,-1.5226062493801595
488,1405.5349847715595,2025-05-02,108,575,1,-0.7164210778542096
489,4752.107008898717,2025-05-03,105,529,0,1.5751320806379485
490,4451.428655670691,2025-05-04,172,557,0,1.3692436595723323
491,2278.8281071757788,2025-05-05,194,530,0,-0.11843675284724564
492,3101.042856409882,2025-05-06,131,599,1,0.4445718398208488
493,1387.6285337226825,2025-05-07,140,563,1,-0.7286824558142856
494,941.4176774590828,2025-05-08,175,518,1,-1.0342237349657575
495,2319.0283262949706,2025-05-09,107,547,1,-0.0909097973744473
496,1767.407787902238,2025-05-10,171,544,0,-0.46862997728681643
497,2918.6969031425097,2025-05-11,149,599,1,0.3197111040782513
498,389.5954501879592,2025-05-12,191,593,0,-1.4120820206122862
499,4871.999643523166,2025-05-13,161,554,0,1.6572281310360448
500,4931.067511653535,2025-05-14,183,554,1,1.697674641316919
501,3491.110408384706,2025-05-15,161,596,1,0.7116691932645851
502,2680.945735354258,2025-05-16,106,517,1,0.15691184694214788
503,1548.3285538153525,2025-05-17,174,562,1,-0.6186436949694005
504,4069.161303515036,2025-05-18,183,591,1,1.1074874649034911
505,3423.9711315968425,2025-05-19,179,546,0,0.6656958149321003
506,813.9220797851116,2025-05-20,103,574,1,-1.1215258869700415
507,4554.724995284719,2025-05-21,105,556,1,1.4399754566460683
508,4112.863677372922,2025-05-22,157,544,1,1.1374125082390711
509,4749.049766546328,2025-05-23,121,532,0,1.5730386449316842
510,3628.871822433412,2025-05-24,125,516,1,0.8060008261132746
511,3067.462564483013,2025-05-25,102,569,0,0.42157785568624
512,2091.796938416804,2025-05-26,140,503,1,-0.2465056730486246
513,4663.709688286713,2025-05-27,159,519,1,1.5146023332456104
514,4330.453383612541,2025-05-28,113,546,0,1.286406277084918
515,227.04813186084084,2025-05-29,174,590,1,-1.523385712279908
516,132.80850551176275,2025-05-30,181,514,0,-1.5879159575154562
517,1882.9403710233696,2025-05-31,111,569,0,-0.3895194564758866
518,4052.956100578383,2025-06-01,186,546,0,1.0963910104701884
519,4936.393370445408,2025-06-02,111,577,1,1.7013215039716634
520,752.9340386265374,2025-06-03,112,574,1,-1.1632872288266036
521,2971.0594460453235,2025-06-04,124,508,1,0.3555661670234213
522,1905.0733922984768,2025-06-05,144,589,0,-0.3743639497531008
523,4849.602074675201,2025-06-06,118,515,1,1.6418914763141175
524,4210.752496755408,2025-06-07,154,568,0,1.204441525280923
525,4191.805194850978,2025-06-08,199,560,1,1.1914674284406421
526,2343.9971058150563,2025-06-09,144,509,0,-0.07381251539143963
527,2074.6826921859883,2025-06-10,107,549,0,-0.25822459160848055
528,1367.7619525816006,2025-06-11,192,502,0,-0.7422860258059282
529,282.82110775798463,2025-06-12,152,576,1,-1.485195367606558
530,4323.747158899011,2025-06-13,154,593,0,1.2818142138294273
531,4064.692144641258,2025-06-14,131,569,0,1.1044272244367765
532,4998.588648757367,2025-06-15,150,580,0,1.7439094971275078
533,4983.187548532453,2025-06-16,143,550,0,1.7333636491343327
534,2777.6030963075345,2025-06-17,181,518,0,0.22309762725320134
535,3845.168088487372,2025-06-18,169,541,0,0.9541089164434947
536,4723.883883682258,2025-06-19,117,534,1,1.5558063971427114
537,4248.38730599638,2025-06-20,182,545,1,1.2302118255654035
538,1237.4931606142452,2025-06-21,121,525,0,-0.8314871126295742
539,2253.2701324151576,2025-06-22,136,568,1,-0.13593748415233078
540,646.6679163423235,2025-06-23,195,592,1,-1.2360525739037402
541,4770.301085266353,2025-06-24,155,563,0,1.587590409000679
542,3031.266997619949,2025-06-25,158,536,0,0.3967930714441912
543,1143.9853847118102,2025-06-26,102,583,0,-0.8955162259036831
544,3358.8317213448777,2025-06-27,127,548,1,0.6210918380181002
545,3091.023074049021,2025-06-28,173,520,0,0.43771082988264987
546,1791.4554274461696,2025-06-29,134,573,1,-0.4521634425898529
547,568.6744034059454,2025-06-30,160,563,0,-1.2894583514046356
548,3358.194404768405,2025-07-01,192,504,1,0.6206554377842949
549,2602.0181968180627,2025-07-02,153,599,0,0.10286649877074469
550,3861.819640286461,2025-07-03,162,569,0,0.9655110066551793
551,2601.297342058855,2025-07-04,178,589,1,0.10237289606673378
552,4261.055320092382,2025-07-05,196,503,1,1.2388862026606011
553,2759.9822870336534,2025-07-06,106,538,1,0.2110318414713215
554,2805.128919705396,2025-07-07,175,534,1,0.24194583583580867
555,4383.391359689067,2025-07-08,148,500,1,1.3226553658263998
556,2018.0108481957727,2025-07-09,193,523,1,-0.2970304329760288
557,670.9421270247531,2025-07-10,184,556,0,-1.2194308954344912
558,144.88459889038154,2025-07-11,130,599,1,-1.5796468960028063
559,3775.931141112421,2025-07-12,157,569,0,0.9066991657201986
560,3101.92744721597,2025-07-13,160,540,0,0.4451775601941292
561,3520.6947607280185,2025-07-14,123,553,1,0.7319269721396551
562,1065.6078433830448,2025-07-15,119,545,0,-0.9491849654652129
563,682.7210064582621,2025-07-16,136,559,1,-1.2113653501019068
564,73.70878367374176,2025-07-17,103,559,1,-1.628384279508092
565,1753.5872064741784,2025-07-18,191,556,0,-0.47809357071774766
566,2949.998516586311,2025-07-19,119,530,0,0.3411447713162219
567,1961.827981453562,2025-07-20,159,583,1,-0.33550144893147843
568,2187.937135196621,2025-07-21,123,523,1,-0.18067401904550845
569,4520.889313774248,2025-07-22,149,588,0,1.4168065954125268
570,1741.9290796494784,2025-07-23,148,535,0,-0.48607643113570365
571,2570.433456309894,2025-07-24,150,584,0,0.0812389612936374
572,3918.4814106929744,2025-07-25,195,529,0,1.0043099501725143
573,1983.3173688240292,2025-07-26,135,523,1,-0.3207866682102419
574,3110.81141443914,2025-07-27,197,529,1,0.45126082480144214
575,4311.956180024979,2025-07-28,199,585,1,1.2737403834484573
576,4747.653597664553,2025-07-29,165,591,1,1.5720826233108274
577,736.2203311642606,2025-07-30,178,506,0,-1.1747318799051303
578,4633.011538182311,2025-07-31,133,534,0,1.493581885359103
579,2461.0893491046118,2025-08-01,135,554,1,0.006365977110928123
580,1291.9636971064929,2025-08-02,105,591,1,-0.7941886086548604
581,2296.2196454350683,2025-08-03,138,513,1,-0.10652795956809707
582,4900.1828438521,2025-08-04,141,509,1,1.676526476108128
583,2463.597851870355,2025-08-05,157,579,1,0.00808366535862828
584,1644.4292998272535,2025-08-06,111,515,1,-0.5528390547377409
585,3167.370870729312,2025-08-07,102,553,1,0.4899897090955571
586,1201.4879482721872,2025-08-08,117,594,1,-0.856141552297922
587,380.2407772152109,2025-08-09,139,588,1,-1.4184875992888584
588,645.2697298313354,2025-08-10,120,576,0,-1.2370099770889447
589,641.1011489499044,2025-08-11,114,569,1,-1.2398643978563462
590,760.3615648679595,2025-08-12,196,543,0,-1.1582012569438518
591,694.9970360744013,2025-08-13,198,572,0,-1.2029593829696308
592,3204.73284927127,2025-08-14,125,544,1,0.5155731895400486
593,910.218541911325,2025-08-15,107,599,1,-1.055587230832946
594,1728.9907493359922,2025-08-16,199,555,0,-0.49493590628870504
595,4484.045261120154,2025-08-17,193,583,0,1.3915777628571713
596,2370.334239674099,2025-08-18,186,581,1,-0.05577825769574241
597,3338.1211348666147,2025-08-19,141,556,0,0.6069103384070567
598,862.4270361369475,2025-08-20,143,520,1,-1.0883122925429012
599,962.2528050245452,2025-08-21,113,567,1,-1.019956956293132
600,205.30221271612783,2025-08-22,177,549,1,-1.5382761522110129
601,845.5063802977505,2025-08-23,101,532,0,-1.0998986507782909
602,1393.6731048207612,2025-08-24,136,590,0,-0.7245434574925191
603,885.8754108994573,2025-08-25,168,506,1,-1.0722561022499248
604,444.423966251521,2025-08-26,137,569,0,-1.3745383914134903
605,604.0587196319035,2025-08-27,140,514,0,-1.2652290681189045
606,2304.4330613955963,2025-08-28,161,581,0,-0.10090385252642456
607,1032.4622583105568,2025-08-29,159,531,0,-0.9718812856445883
608,1821.9850353793288,2025-08-30,113,574,0,-0.4312584033489882
609,2517.5829370034294,2025-08-31,188,519,0,0.04504975826094079
610,3452.283748318197,2025-09-01,183,587,0,0.6850827774134829
611,197.5213870656536,2025-09-02,101,514,1,-1.5436040445935688
612,3997.252584146304,2025-09-03,169,547,0,1.0582482279157495
613,3139.874047065048,2025-09-04,116,570,0,0.47116135797624115
614,409.71340071241065,2025-09-05,188,520,0,-1.3983063263393622
615,4368.019541909779,2025-09-06,127,541,0,1.3121295688825612
616,4604.441130258534,2025-09-07,165,525,0,1.4740184012789372
617,306.3287213144639,2025-09-08,134,513,0,-1.4690986137624469
618,1385.1113630878715,2025-09-09,104,556,0,-0.7304060793541582
619,4031.2001976855136,2025-09-10,164,536,0,1.081493734203437
620,3741.550192227908,2025-09-11,139,557,1,0.8831569346131866
621,923.4205757625302,2025-09-12,175,520,0,-1.046547185630829
622,1047.5372673602149,2025-09-13,155,581,0,-0.9615587274109726
623,1852.9900418541183,2025-09-14,135,568,0,-0.41002783666638265
624,2423.1304029699154,2025-09-15,144,502,0,-0.01962627474586085
625,3091.6556028799496,2025-09-16,122,586,1,0.4381439517249116
626,1845.1992842092925,2025-09-17,146,589,1,-0.41536252994635287
627,2313.211045949606,2025-09-18,130,536,1,-0.09489315917068149
628,3737.607219730649,2025-09-19,110,587,1,0.8804569983755081
629,184.3793312500989,2025-09-20,109,548,1,-1.5526030200514687
630,1262.93228477576,2025-09-21,166,518,1,-0.8140677638448134
631,3567.0345798368776,2025-09-22,113,588,1,0.7636579966259897
632,4476.138981598309,2025-09-23,179,584,1,1.3861639663873555
633,2558.875533136215,2025-09-24,173,511,1,0.07332471496536296
634,2661.035312841313,2025-09-25,192,560,1,0.1432782567287855
635,536.7528846875405,2025-09-26,109,540,1,-1.3113164965500717
636,2237.6144217504498,2025-09-27,175,532,1,-0.14665767572851765
637,2663.5537150086607,2025-09-28,193,549,1,0.14500272355613375
638,1213.1100476700135,2025-09-29,100,567,1,-0.8481833615309551
639,1346.9469115159554,2025-09-30,104,570,1,-0.7565390503200394
640,1887.0435313600087,2025-10-01,119,585,1,-0.38670983219126437
641,101.33591769085412,2025-10-02,107,532,0,-1.6094666988432886
642,1611.073748750308,2025-10-03,142,580,1,-0.5756791483835835
643,1058.0285869757267,2025-10-04,175,523,0,-0.954374834033406
644,1638.1592635373954,2025-10-05,100,560,1,-0.5571324395387545
645,599.6908969644368,2025-10-06,156,560,1,-1.2682199189827754
646,4452.745876418735,2025-10-07,163,597,0,1.370145621742532
647,2968.3686753166894,2025-10-08,183,527,1,0.35372367144360845
648,3395.8324934033035,2025-10-09,127,557,0,0.6464279836219733
649,3946.067021798084,2025-10-10,136,542,0,1.0231990981726498
650,2492.712552446357,2025-10-11,146,540,0,0.028019851875006153
651,435.5145201490311,2025-10-12,175,538,1,-1.3806391025917897
652,2685.9956025509205,2025-10-13,136,585,1,0.16036972534459942
653,2934.6187489863746,2025-10-14,148,548,1,0.3306135307612838
654,3727.4519314474655,2025-10-15,143,516,0,0.8735032012443088
655,2158.8660716021677,2025-10-16,155,597,0,-0.2005803252956992
656,638.7739336750233,2025-10-17,127,569,1,-1.2414579501466292
657,1419.5957530878236,2025-10-18,178,569,1,-0.7067930173153467
658,1816.0483996967769,2025-10-19,105,597,1,-0.43532349328313275
659,3229.9402894166747,2025-10-20,160,564,1,0.532833893527966
660,2854.3207450398904,2025-10-21,119,573,1,0.27562976132868844
661,1781.1275327633334,2025-10-22,177,584,0,-0.4592354313324828
662,4932.589728716105,2025-10-23,101,504,0,1.6987169739762777
663,3029.268321965079,2025-10-24,172,501,0,0.395424485477208
664,1186.8967318882364,2025-10-25,136,521,1,-0.8661328352435224
665,509.8105806293983,2025-10-26,119,556,0,-1.3297651423632735
666,765.1428367824758,2025-10-27,125,565,0,-1.1549272981949206
667,1230.5426841941562,2025-10-28,128,573,0,-0.8362464263627469
668,804.2461849245188,2025-10-29,100,597,0,-1.1281514211791293
669,933.6485532324776,2025-10-30,134,515,0,-1.0395436148403998
670,1426.1907483005416,2025-10-31,169,550,1,-0.7022771180605305
671,867.6946028784794,2025-11-01,158,538,0,-1.084705345159997
672,4483.9303577075,2025-11-02,168,585,1,1.3914990831585752
673,402.0884945625494,2025-11-03,132,575,1,-1.403527453404595
674,2623.032436461703,2025-11-04,150,587,1,0.11725592379477506
675,2052.573738121318,2025-11-05,177,539,1,-0.27336361839547085
676,4911.910705926123,2025-11-06,111,537,1,1.6845570874872744
677,561.0824719380937,2025-11-07,119,559,0,-1.2946568991749468
678,1989.8801396296624,2025-11-08,152,558,0,-0.3162928345022908
679,4847.382695943569,2025-11-09,187,509,1,1.64037176470902
680,4327.670122344008,2025-11-10,142,598,1,1.284500448940526
681,4085.5432826754495,2025-11-11,197,563,1,1.118704966220287
682,1290.2562323976542,2025-11-12,188,562,0,-0.7953577889738089
683,855.267049362939,2025-11-13,149,548,1,-1.093215067737474
684,3343.54745640223,2025-11-14,128,563,0,0.6106259925642914
685,4646.950569648801,2025-11-15,156,531,1,1.5031265870278767
686,2784.257702176635,2025-11-16,138,506,0,0.22765434469060214
687,2858.4918346600293,2025-11-17,194,520,1,0.2784858999458981
688,1400.615489207761,2025-11-18,155,519,0,-0.7197896847499035
689,3847.6951730264927,2025-11-19,142,525,1,0.9558393284936907
690,936.0316990390592,2025-11-20,149,567,0,-1.0379117643196736
691,1619.072502784814,2025-11-21,122,585,0,-0.5702020303237816
692,2127.7567566434677,2025-11-22,143,514,0,-0.22188231683754556
693,2538.5442830435904,2025-11-23,137,584,0,0.05940296458020603
694,1212.806252342986,2025-11-24,183,578,0,-0.8483913842886205
695,575.0692868712785,2025-11-25,122,585,0,-1.285079477949194
696,3053.489592165721,2025-11-26,144,591,0,0.4120099131419391
697,1443.8641356480389,2025-11-27,151,513,1,-0.6901753296318246
698,2906.6098688916386,2025-11-28,179,526,1,0.3114345508426727
699,772.6592136557374,2025-11-29,149,539,1,-1.1497804861615437
700,2406.2193691722327,2025-11-30,107,557,1,-0.031206044322926695
701,2663.4145733253777,2025-12-01,184,527,1,0.14490744678889064
702,260.0658605753121,2025-12-02,100,525,0,-1.5007769412818843
703,1683.684786691409,2025-12-03,107,562,0,-0.5259590012791081
704,672.9389700179322,2025-12-04,128,565,0,-1.2180635643760103
705,317.811477393366,2025-12-05,195,524,0,-1.4612358378320032
706,4949.811201717336,2025-12-06,104,502,0,1.7105093156815638
707,1612.44687102864,2025-12-07,185,571,1,-0.5747389078415533
708,4049.56235482732,2025-12-08,146,543,1,1.0940671552718244
709,1273.9486331640555,2025-12-09,133,596,1,-0.8065243589032053
710,3407.8321083974224,2025-12-10,164,541,1,0.6546446768358702
711,3801.379071588543,2025-12-11,154,598,0,0.9241245445972172
712,2978.5980642986137,2025-12-12,189,505,0,0.36072820876178774
713,2358.4093665622418,2025-12-13,142,538,0,-0.06394377167454945
714,2059.7927298221957,2025-12-14,173,551,1,-0.2684204397894196
715,1744.9924644484336,2025-12-15,129,522,0,-0.4839787894112427
716,4647.716192094881,2025-12-16,181,588,1,1.5036508442444787
717,4153.266419530858,2025-12-17,116,549,0,1.165078140634331
718,4825.169526421896,2025-12-18,125,542,0,1.6251613767626292
719,622.3618202042381,2025-12-19,107,518,1,-1.2526960858240823
720,3654.6065085430178,2025-12-20,146,568,0,0.8236225598790831
721,4691.763943648368,2025-12-21,175,550,0,1.5338123837150646
722,906.9840977621352,2025-12-22,190,510,1,-1.057802004832312
723,333.4148405665207,2025-12-23,171,511,0,-1.450551491012404
724,3705.862125801005,2025-12-24,188,573,1,0.8587196594697125
725,2872.7910927863795,2025-12-25,145,507,0,0.2882772655245543
726,4209.302055014602,2025-12-26,167,523,0,1.2034483405150223
727,699.7221107548212,2025-12-27,132,591,0,-1.1997239050746493
728,3976.541291987591,2025-12-28,100,540,0,1.0440662450925557
729,1008.9349729186748,2025-12-29,118,535,0,-0.987991509707247
730,819.1160583856569,2025-12-30,130,584,0,-1.1179693288020387
731,822.1647238570337,2025-12-31,179,571,0,-1.115881766084203
732,4073.0590264366792,2026-01-01,113,554,0,1.1101564166569946
733,3326.3209062603046,2026-01-02,152,508,1,0.5988301743051733
734,2615.8040584208275,2026-01-03,147,546,1,0.1123063179261656
735,1794.793590133389,2026-01-04,168,514,0,-0.4498776476945664
736,4386.125503524729,2026-01-05,189,547,0,1.3245275609852702
737,1962.8330920057545,2026-01-06,161,581,1,-0.3348132030954692
738,4083.1805979184137,2026-01-07,191,541,0,1.117087126329655
739,2196.2354079425218,2026-01-08,165,559,0,-0.17499180662521613
740,1885.345202695113,2026-01-09,163,583,1,-0.3878727566369783
741,2313.9362485623624,2026-01-10,169,569,0,-0.09439657928958907
742,1507.5879929465464,2026-01-11,162,511,0,-0.6465406475120562
743,3738.299291501079,2026-01-12,172,501,1,0.8809308920314637
744,2514.0992300723037,2026-01-13,132,506,0,0.04266430246804952
745,1161.8312630389396,2026-01-14,140,579,0,-0.8832963248969907
746,4497.973291799568,2026-01-15,188,502,1,1.4011149317765559
747,1920.072215644684,2026-01-16,147,502,0,-0.364093559405942
748,2718.220752708829,2026-01-17,112,526,1,0.1824357810263084
749,4532.45408271177,2026-01-18,172,539,0,1.4247255293529737
750,3121.5657415740466,2026-01-19,176,532,0,0.45862481163207974
751,585.373305501112,2026-01-20,130,591,1,-1.278023838247994
752,4699.220785943762,2026-01-21,174,500,1,1.5389184296603466
753,3138.912557304018,2026-01-22,167,507,0,0.47050298132011
754,1675.1931676707736,2026-01-23,197,531,1,-0.5317736068657081
755,697.2210912442729,2026-01-24,103,547,1,-1.2014364691902661
756,3970.3319211622097,2026-01-25,118,503,0,1.0398144007501757
757,3100.7437068866398,2026-01-26,169,593,0,0.44436699826061793
758,2667.771998789631,2026-01-27,197,569,0,0.14789117820525202
759,4469.569022671737,2026-01-28,181,518,1,1.3816652106394414
760,3943.197458911429,2026-01-29,112,531,1,1.021234175305609
761,759.2227237840232,2026-01-30,122,508,1,-1.1589810742805475
762,1559.2986169099456,2026-01-31,182,511,1,-0.6111319837162026
763,1243.1972099325142,2026-02-01,174,510,0,-0.8275812853719392
764,3719.987516570812,2026-02-02,100,545,1,0.8683919700012424
765,168.62864124416112,2026-02-03,187,515,0,-1.5633882483899957
766,2849.878534671712,2026-02-04,153,500,1,0.27258797375426996
767,3812.530970017712,2026-02-05,170,562,0,0.9317607669418451
768,4383.951418171985,2026-02-06,188,520,0,1.3230388638584811
769,1711.0666618308214,2026-02-07,184,529,0,-0.5072093607488034
770,4106.465266055392,2026-02-08,114,512,1,1.1330312190995246
771,554.048053039081,2026-02-09,164,533,0,-1.2994736922186865
772,4232.4150063808565,2026-02-10,175,503,0,1.2192748508436713
773,638.3158229975801,2026-02-11,170,527,1,-1.241771639785539
774,1987.039165511276,2026-02-12,114,594,0,-0.31823818131307124
775,3986.679533531989,2026-02-13,120,558,1,1.0510083695306756
776,750.4372193165201,2026-02-14,118,526,1,-1.1649969168700118
777,1147.0277247679749,2026-02-15,159,568,0,-0.8934329944911664
778,3611.540589396938,2026-02-16,192,524,0,0.7941333266185776
779,3600.462646193825,2026-02-17,188,502,1,0.7865477448490322
780,3206.097016793601,2026-02-18,132,596,0,0.5165072983451103
781,3470.048273891033,2026-02-19,148,567,1,0.6972469724142359
782,2714.0794922946334,2026-02-20,195,524,1,0.17960006785059582
783,1259.743495475857,2026-02-21,134,519,1,-0.8162512758503155
784,1729.1342715260932,2026-02-22,143,533,0,-0.4948376299851715
785,908.8069862903268,2026-02-23,189,525,1,-1.0565537884681517
786,4542.344356106808,2026-02-24,110,504,0,1.4314978584925688
787,2917.375582035836,2026-02-25,198,598,0,0.3188063342022257
788,2004.856232401436,2026-02-26,171,560,0,-0.30603800883423116
789,2310.567012417019,2026-02-27,177,591,0,-0.09670365162357858
790,4736.469414719465,2026-02-28,173,592,1,1.5644242942600266
791,767.6036641772849,2026-03-01,165,508,0,-1.1532422554860162
792,2931.562930251969,2026-03-02,145,549,1,0.3285210698723141
793,2529.9375057434454,2026-03-03,108,505,1,0.05350950477584696
794,3057.6597229378044,2026-03-04,102,582,0,0.4148653951913909
795,91.5328089203817,2026-03-05,184,559,1,-1.6161793423196762
796,4360.747420811813,2026-03-06,125,543,1,1.3071500101129188
797,4660.659294135578,2026-03-07,171,510,0,1.5125135868205277
798,2826.1007847624555,2026-03-08,147,565,1,0.2563062450140663
799,3483.5574685605843,2026-03-09,165,546,1,0.7064973448820956
800,4612.574406505301,2026-03-10,169,572,1,1.4795876329398125
801,3536.48593293268,2026-03-11,127,584,1,0.742739920518175
802,763.5426755283925,2026-03-12,192,587,0,-1.1560230028591127
803,2881.865512473899,2026-03-13,125,597,1,0.2944909417719203
804,3033.9685168678966,2026-03-14,124,585,1,0.3986429270339498
805,2121.229225840628,2026-03-15,111,502,1,-0.226352020080315
806,3682.4847338879895,2026-03-16,104,575,1,0.842712074427657
807,4671.900706830305,2026-03-17,197,591,0,1.5202111037365826
808,4627.916996020975,2026-03-18,147,529,1,1.4900934159352526
809,2254.7460176492564,2026-03-19,136,589,0,-0.1349268770458983
810,567.0769911579355,2026-03-20,178,520,1,-1.290552173696805
811,4924.221153612711,2026-03-21,143,527,0,1.6929866222695147
812,4194.651534143225,2026-03-22,199,589,0,1.193416449034929
813,624.188743335131,2026-03-23,114,561,0,-1.2514451067802317
814,4604.288571204244,2026-03-24,142,532,0,1.473913937015149
815,4349.611913948579,2026-03-25,147,584,0,1.2995250118341175
816,2594.6714475732347,2026-03-26,186,534,1,0.09783583864591842
817,2956.7859032889014,2026-03-27,169,551,1,0.34579240995184507
818,1995.614516646781,2026-03-28,145,533,1,-0.3123662404619338
819,274.75343247133463,2026-03-29,142,540,0,-1.4907196792459088
820,1676.6510109878586,2026-03-30,120,550,1,-0.530775353897068
821,4014.4643895414592,2026-03-31,122,546,0,1.0700339497625422
822,24.15548300000969,2026-04-01,179,581,0,-1.662315723939568
823,1668.1623592840297,2026-04-02,146,557,1,-0.536587927624156
824,1991.4452992611257,2026-04-03,114,574,1,-0.31522109707331386
825,2687.4406190866766,2026-04-04,124,556,0,0.16135919522085262
826,4599.35822644739,2026-04-05,135,522,0,1.4705379011735265
827,1732.3836258354404,2026-04-06,174,547,1,-0.4926126463072581
828,1735.4190562792423,2026-04-07,150,521,1,-0.49053414622695823
829,3687.768739300632,2026-04-08,114,516,1,0.8463302781314871
830,2261.637486508146,2026-04-09,167,568,1,-0.1302079685280522
831,1123.7995098769698,2026-04-10,120,510,0,-0.9093384311038747
832,2262.7451411473344,2026-04-11,112,593,1,-0.12944950599724434
833,705.1442448786195,2026-04-12,185,514,1,-1.1960111182325974
834,882.7585455446103,2026-04-13,118,590,1,-1.0743903645927044
835,2492.340495924659,2026-04-14,133,534,0,0.02776508750977264
836,2095.208322073235,2026-04-15,177,532,0,-0.2441697403579896
837,4574.314659439432,2026-04-16,167,583,0,1.453389408727151
838,1812.607101684049,2026-04-17,151,515,0,-0.4376799097216632
839,2903.361163039939,2026-04-18,126,533,1,0.30921001119380154
840,3161.6891753097325,2026-04-19,128,565,0,0.48609918858966
841,66.45918848507985,2026-04-20,127,598,1,-1.6333484137423466
842,3318.0233227115364,2026-04-21,134,539,1,0.5931484338101388
843,891.0017983818874,2026-04-22,107,527,1,-1.068745826856978
844,4805.390517029807,2026-04-23,115,546,1,1.6116177712111814
845,744.1649760378117,2026-04-24,135,538,0,-1.1692918128987035
846,2073.7059945113915,2026-04-25,129,569,0,-0.2588933818287353
847,427.6629907251407,2026-04-26,117,572,0,-1.3860154091289254
848,4984.374384977891,2026-04-27,101,519,1,1.7341763311222147
849,2511.4728566458816,2026-04-28,148,500,1,0.04086590270933906
850,2977.329701582899,2026-04-29,176,571,1,0.35985970195352085
851,336.31531046474896,2026-04-30,103,586,1,-1.4485654046803371
852,3750.05239152549,2026-05-01,189,562,1,0.8889787850063765
853,1050.3180598848332,2026-05-02,188,566,0,-0.9596545897300982
854,4490.373392914128,2026-05-03,193,503,1,1.395910928345704
855,1026.493062769554,2026-05-04,174,557,0,-0.9759686708247145
856,954.2479155976692,2026-05-05,106,524,1,-1.0254382755407947
857,183.71178957262632,2026-05-06,194,546,1,-1.553060116814487
858,2360.8626586048863,2026-05-07,173,537,0,-0.06226388877094093
859,2824.64082517982,2026-05-08,138,514,0,0.2553065429402009
860,329.4774885023335,2026-05-09,112,562,1,-1.4532475786787489
861,3877.862555858358,2026-05-10,130,520,1,0.9764963353990878
862,2266.99088490539,2026-05-11,170,598,1,-0.12654224822756932
863,2622.4269563685725,2026-05-12,162,556,1,0.11684132347844706
864,2204.3729719442026,2026-05-13,155,552,0,-0.1694196389395834
865,2004.4145413157544,2026-05-14,141,545,1,-0.30634045521673076
866,2798.642016209781,2026-05-15,160,513,0,0.2375039519955565
867,777.0459894076319,2026-05-16,141,599,1,-1.1467766572412705
868,910.4587243458604,2026-05-17,155,575,0,-1.055422766774648
869,4309.066319446573,2026-05-18,135,516,0,1.2717615618099851
870,4730.63119520603,2026-05-19,183,538,1,1.5604265944437579
871,1867.173272082485,2026-05-20,167,508,0,-0.4003159207736081
872,1354.4526210446254,2026-05-21,106,598,1,-0.7513995427125095
873,3220.35371665184,2026-05-22,153,576,0,0.5262695223027264
874,2044.262121319384,2026-05-23,100,578,1,-0.2790549681101437
875,127.90639194606396,2026-05-24,143,581,0,-1.5912726621504607
876,781.6068342335856,2026-05-25,144,596,1,-1.1436536351485267
877,3580.1451720081404,2026-05-26,146,505,1,0.7726354274666111
878,3294.9607856088464,2026-05-27,112,590,0,0.5773564444671646
879,136.45286652491396,2026-05-28,121,522,0,-1.5854204944176462
880,1110.6388375028143,2026-05-29,120,558,0,-0.918350154183327
881,1156.1429081437689,2026-05-30,185,590,0,-0.8871914054548498
882,3359.7918252500435,2026-05-31,191,597,1,0.6217492657144119
883,99.5329782340664,2026-06-01,108,545,0,-1.6107012551525466
884,521.4388013408847,2026-06-02,125,537,1,-1.3218027600487914
885,3999.780510780573,2026-06-03,108,513,0,1.05997921658757
886,893.5447656096137,2026-06-04,114,599,1,-1.067004539192877
887,3264.0777931515217,2026-06-05,109,571,1,0.5562094264442282
888,1191.675722452586,2026-06-06,187,561,1,-0.8628604386409137
889,498.10752240396647,2026-06-07,141,534,1,-1.3377787693962973
890,1216.617782806271,2026-06-08,171,518,0,-0.8457814525110107
891,3611.61239234644,2026-06-09,123,529,0,0.7941824934300298
892,4278.626644063323,2026-06-10,179,577,1,1.2509181035592525
893,4151.269102970391,2026-06-11,148,583,0,1.1637104853023525
894,1986.520464562656,2026-06-12,125,524,0,-0.31859335992227306
895,3340.7575977166603,2026-06-13,190,539,1,0.6087156468623094
896,1025.716492783689,2026-06-14,136,587,0,-0.9765004243298144
897,1466.4455035748051,2026-06-15,167,513,0,-0.6747128191516711
898,4481.782756787078,2026-06-16,149,525,0,1.3900285211515744
899,65.99661563016944,2026-06-17,123,586,1,-1.63366515884123
900,428.45714574148593,2026-06-18,118,521,0,-1.385471614337444
901,1040.2233894749909,2026-06-19,199,547,1,-0.9665668789905227
902,133.63448716522475,2026-06-20,159,582,0,-1.5873503695486646
903,907.9957400138968,2026-06-21,138,550,0,-1.0571092864385123
904,2915.624763287491,2026-06-22,173,502,0,0.31760746736063616
905,2107.701328411897,2026-06-23,188,541,1,-0.23561519919526358
906,4463.465883673797,2026-06-24,117,518,1,1.3774861081588685
907,4087.400365130466,2026-06-25,118,572,0,1.1199765967528716
908,1709.744941137682,2026-06-26,135,527,1,-0.5081144042402245
909,1297.857743723031,2026-06-27,173,583,0,-0.7901526814305089
910,1899.0823484281675,2026-06-28,196,544,1,-0.3784662954981481
911,2951.884417631524,2026-06-29,154,570,1,0.3424361352748053
912,1341.0501404735585,2026-06-30,168,577,0,-0.7605768430852001
913,3121.120390337821,2026-07-01,146,562,0,0.4583198589746579
914,2047.6488493040108,2026-07-02,148,572,0,-0.2767359183021093
915,2760.683857079049,2026-07-03,198,518,0,0.21151223903690192
916,2181.1965191474483,2026-07-04,197,546,1,-0.18528963164440165
917,1473.0343319500464,2026-07-05,132,513,1,-0.6702011426166398
918,4742.318081503821,2026-07-06,120,537,1,1.5684291478074877
919,3818.265365004645,2026-07-07,180,552,0,0.9356873732869676
920,701.4257656564963,2026-07-08,121,560,0,-1.198557333507455
921,4342.471411513666,2026-07-09,147,535,1,1.2946355784706702
922,2437.668560049319,2026-07-10,136,539,0,-0.009671323968236075
923,4472.866582243563,2026-07-11,114,580,1,1.3839232026974804
924,3999.476424480629,2026-07-12,134,529,1,1.0597709945872462
925,2126.642308841698,2026-07-13,191,508,1,-0.2226454309620012
926,113.32407229226688,2026-07-14,170,563,1,-1.6012578530920831
927,1344.1181195653455,2026-07-15,131,532,1,-0.7584760554352448
928,2708.6294390896737,2026-07-16,110,551,0,0.17586816351812207
929,3167.75762091091,2026-07-17,109,588,0,0.49025453489156534
930,1290.1805394805783,2026-07-18,172,513,0,-0.7954096194265678
931,697.6410142900478,2026-07-19,177,574,1,-1.20114892839481
932,4174.816253759696,2026-07-20,176,552,1,1.1798343121244563
933,4922.026501337057,2026-07-21,156,598,1,1.6914838420162261
934,2628.9252213311265,2026-07-22,124,558,1,0.1212909870423273
935,859.2247499556692,2026-07-23,101,577,0,-1.090505046489387
936,1362.2643252703251,2026-07-24,163,593,0,-0.7460505063366145
937,92.9349920607862,2026-07-25,134,540,1,-1.6152192024568517
938,4571.579733995935,2026-07-26,106,567,1,1.4515166783651263
939,589.6376633678155,2026-07-27,184,567,1,-1.275103834534363
940,2883.005861095753,2026-07-28,117,591,0,0.2952717913897837
941,1371.0020482153427,2026-07-29,166,507,0,-0.7400673819728391
942,2771.335834576452,2026-07-30,141,501,0,0.21880614232133125
943,3257.450521370969,2026-07-31,138,585,1,0.551671425925661
944,4148.879276732301,2026-08-01,140,540,1,1.1620740603801756
945,1032.8999375312555,2026-08-02,174,554,0,-0.9715815863722082
946,55.96814746374391,2026-08-03,123,515,1,-1.640532116353553
947,685.2912647139675,2026-08-04,159,592,0,-1.209605375004542
948,4500.193190598678,2026-08-05,145,561,1,1.4026349994959888
949,4369.576497735014,2026-08-06,118,547,0,1.3131956887847256
950,2987.4680977493717,2026-08-07,167,529,1,0.36680193226855046
951,3002.9837853078334,2026-08-08,189,511,0,0.37742624352628995
952,3325.518336056731,2026-08-09,141,534,0,0.5982806172445001
953,877.6810218386245,2026-08-10,131,510,0,-1.077867180690456
954,4572.145317678874,2026-08-11,138,563,0,1.4519039597580516
955,2094.433853935473,2026-08-12,135,549,0,-0.24470005463015987
956,1916.3095027192376,2026-08-13,196,584,0,-0.3666700635500759
957,2595.069608708905,2026-08-14,135,520,1,0.09810847805169129
958,235.78286790850015,2026-08-15,102,568,1,-1.517404633183357
959,832.250560411641,2026-08-16,172,547,1,-1.108975525774382
960,3690.430048515426,2026-08-17,107,519,0,0.848152600045648
961,414.9105409577072,2026-08-18,196,566,0,-1.3947476032464856
962,3016.1573952224744,2026-08-19,169,543,1,0.38644682554006354
963,1227.5001992969237,2026-08-20,140,532,0,-0.8383297569546639
964,1947.0887745958407,2026-08-21,167,572,0,-0.3455940678217859
965,1444.1799901167287,2026-08-22,112,560,0,-0.6899590494202733
966,1779.007909608281,2026-08-23,148,508,0,-0.4606868356652614
967,3595.5104800160434,2026-08-24,159,567,0,0.7831567668679044
968,1486.311456400252,2026-08-25,101,534,1,-0.6611096793969
969,2832.456796844189,2026-08-26,159,580,1,0.260658501429378
970,2380.7759605932997,2026-08-27,104,597,1,-0.04862832684710675
971,3318.6921556478783,2026-08-28,143,587,1,0.5936064147580247
972,4684.211866884465,2026-08-29,126,595,1,1.5286411263099562
973,3663.127913954041,2026-08-30,131,564,0,0.8294575615893827
974,1075.486952575193,2026-08-31,120,507,0,-0.9424202809733975
975,156.88449217136207,2026-09-01,107,544,0,-1.5714300122329818
976,1312.0579574548256,2026-09-02,171,586,0,-0.7804291361448387
977,2975.794575570574,2026-09-03,149,546,1,0.3588085299372413
978,258.0776416077675,2026-09-04,166,539,1,-1.5021383670698258
979,2482.3348697589804,2026-09-05,143,575,1,0.020913770975315903
980,2984.6174017355293,2026-09-06,157,553,0,0.3648499284248186
981,1671.8852101939872,2026-09-07,102,575,1,-0.5340387188517753
982,3854.790106525364,2026-09-08,185,545,0,0.9606975586920594
983,533.8846674157253,2026-09-09,169,546,1,-1.31328049801219
984,376.613770897308,2026-09-10,101,514,1,-1.4209711788215085
985,3641.215592261813,2026-09-11,186,518,0,0.8144531781122878
986,2477.961089714786,2026-09-12,143,525,0,0.017918840819154683
987,3442.3235797422526,2026-09-13,101,551,1,0.6782625878001209
988,2174.7018656801274,2026-09-14,180,592,1,-0.18973682224990876
989,1232.763764162295,2026-09-15,134,521,0,-0.8347255498420691
990,4095.692486053325,2026-09-16,197,520,1,1.1256545967344596
991,3997.279978965928,2026-09-17,186,550,1,1.058266986419969
992,3473.7876578012792,2026-09-18,129,537,0,0.6998075020991077
993,1361.4535410125836,2026-09-19,107,519,1,-0.7466056879413396
994,2951.563103678566,2026-09-20,121,528,0,0.3422161167010352
995,1805.508510803194,2026-09-21,143,550,1,-0.44254064429919243
996,458.8187845598441,2026-09-22,157,503,0,-1.3646815913438843
997,4586.650563735751,2026-09-23,135,554,1,1.4618363748313574
998,684.956335963888,2026-09-24,168,570,0,-1.2098347162616794
999,4751.236531750192,2026-09-25,176,591,1,1.5745360245409283
1000,2230.5828590168207,2026-09-26,192,527,0,-0.15147251302328227
